"filename","header"
"AGUASCALIENTES.xlsx","ACTOR_POLITICO"
"AGUASCALIENTES.xlsx","CARGO"
"AGUASCALIENTES.xlsx","CORREO_ELECTRONICO"
"AGUASCALIENTES.xlsx","CURSOS"
"AGUASCALIENTES.xlsx","DEMARCACION"
"AGUASCALIENTES.xlsx","DIRECCION_CASA_CAMPAÑA"
"AGUASCALIENTES.xlsx","EDAD"
"AGUASCALIENTES.xlsx","ENTIDAD"
"AGUASCALIENTES.xlsx","ESCOLARIDAD"
"AGUASCALIENTES.xlsx","ESTATUS_ESCOLARIDAD"
"AGUASCALIENTES.xlsx","GENERO"
"AGUASCALIENTES.xlsx","HISTORIA_PROFESIONAL"
"AGUASCALIENTES.xlsx","IDENTIFICADOR"
"AGUASCALIENTES.xlsx","MOTIVO_CARGO_PUBLICO"
"AGUASCALIENTES.xlsx","NOMBRE_CANDIDATURA"
"AGUASCALIENTES.xlsx","PAGINA_WEB"
"AGUASCALIENTES.xlsx","PROPUESTA_1"
"AGUASCALIENTES.xlsx","PROPUESTA_2"
"AGUASCALIENTES.xlsx","PROPUESTA_GENERO"
"AGUASCALIENTES.xlsx","REDES"
"AGUASCALIENTES.xlsx","TELEFONO"
"AGUASCALIENTES.xlsx","TRAYECTORIA_POLITICA"
"BCS.xlsx","AMBITO_LOCAL"
"BCS.xlsx","CARGO"
"BCS.xlsx","CORREOS"
"BCS.xlsx","DIRECCIONES"
"BCS.xlsx","EDAD"
"BCS.xlsx","ELECCION"
"BCS.xlsx","ESPECIALIDAD"
"BCS.xlsx","ESTATUS"
"BCS.xlsx","FACEBOOK"
"BCS.xlsx","FUERZA_POLITICA"
"BCS.xlsx","GRADO_MAXIMO_ESTUDIOS"
"BCS.xlsx","HISTORIA_PROFESIONAL"
"BCS.xlsx","INSTAGRAM"
"BCS.xlsx","MOTIVO_CARGO_PUBLICO"
"BCS.xlsx","NOMBRE"
"BCS.xlsx","NO_DE_LISTA"
"BCS.xlsx","PROPUESTA_1"
"BCS.xlsx","PROPUESTA_2"
"BCS.xlsx","PROPUESTA_GENERO"
"BCS.xlsx","SEXO"
"BCS.xlsx","SITIO_WEB"
"BCS.xlsx","TELEFONOS"
"BCS.xlsx","TIKTOK"
"BCS.xlsx","TIPO_ELECCION"
"BCS.xlsx","TRAYECTORIA_POLITICA"
"BCS.xlsx","TWITTER"
"BCS.xlsx","YOUTUBE"
"CHIAPAS.xlsx","CARGO"
"CHIAPAS.xlsx","CORREO ELECTRÓNICO"
"CHIAPAS.xlsx","CURSOS"
"CHIAPAS.xlsx","DIRECCIÓN CASA DE CAMPAÑA"
"CHIAPAS.xlsx","DISTRITO"
"CHIAPAS.xlsx","EDAD"
"CHIAPAS.xlsx","ENTIDAD"
"CHIAPAS.xlsx","ESTATUS MAXIMO GRADO ESTUDIOS"
"CHIAPAS.xlsx","HISTORIA PROFESIONAL Y/O LABORAL"
"CHIAPAS.xlsx","MAXIMO GRADO DE ESTUDIOS"
"CHIAPAS.xlsx","MUNICIPIO"
"CHIAPAS.xlsx","NOMBRE CANDIDATO"
"CHIAPAS.xlsx","NUMERO DE FÓRMULA"
"CHIAPAS.xlsx","PAGINA WEB"
"CHIAPAS.xlsx","PARTIDO, COALICIÓN O CANDIDATURA COMUN"
"CHIAPAS.xlsx","POR QUÉ QUIERO OCUPAR UN CARGO PÚBLICO"
"CHIAPAS.xlsx","PROPUESTA 1"
"CHIAPAS.xlsx","PROPUESTA 2"
"CHIAPAS.xlsx","PROPUESTA EN MATERIA DE GÉNERO O DEL GRUPO EN SITUACIÓN DE DISCRMINACIÓN QUE REPRESENTA"
"CHIAPAS.xlsx","REDES SOCIALES"
"CHIAPAS.xlsx","SEXO"
"CHIAPAS.xlsx","TELÉFONO"
"CHIAPAS.xlsx","TIPO CANDIDATURA"
"CHIAPAS.xlsx","TRAYECTORIA POLÍTICA Y/0 PARTICIPACIÓN SOCIAL"
"CHICHUAHUA.xlsx","Actor Político"
"CHICHUAHUA.xlsx","Candidatura"
"CHICHUAHUA.xlsx","Direccion Casa Campaña"
"CHICHUAHUA.xlsx","Distrito Local"
"CHICHUAHUA.xlsx","Edad"
"CHICHUAHUA.xlsx","Entidad"
"CHICHUAHUA.xlsx","Grado Academico Estatus"
"CHICHUAHUA.xlsx","Grado máximo de Estudios"
"CHICHUAHUA.xlsx","Género"
"CHICHUAHUA.xlsx","Historia Profesional y/o laboral"
"CHICHUAHUA.xlsx","Motivo de la postulación al cargo publico"
"CHICHUAHUA.xlsx","Municipio Local"
"CHICHUAHUA.xlsx","No. Lista o fórmula"
"CHICHUAHUA.xlsx","Nombre Candidatura"
"CHICHUAHUA.xlsx","Otra información académica"
"CHICHUAHUA.xlsx","Propuesta 1"
"CHICHUAHUA.xlsx","Propuesta 2"
"CHICHUAHUA.xlsx","Propuesta Genero"
"CHICHUAHUA.xlsx","PáginaWeb"
"CHICHUAHUA.xlsx","Redes Sociales o medios de contacto público"
"CHICHUAHUA.xlsx","Sexo"
"CHICHUAHUA.xlsx","Tipo Candidatura"
"CHICHUAHUA.xlsx","Trayectoria Politica y/o organizaciones ciudadanas o sociedad civil"
"CHICHUAHUA.xlsx","Télefono público contacto"
"CHICHUAHUA.xlsx","correo electrónico público"
"COAHUILA.xlsx","Candidatura"
"COAHUILA.xlsx","Cargo"
"COAHUILA.xlsx","Casa_de_campaña"
"COAHUILA.xlsx","Comprometido_contra_la_corrupción"
"COAHUILA.xlsx","Cursos"
"COAHUILA.xlsx","Distrito"
"COAHUILA.xlsx","Edad"
"COAHUILA.xlsx","Email"
"COAHUILA.xlsx","Estado"
"COAHUILA.xlsx","Estatus_de_estudios"
"COAHUILA.xlsx","Estudios"
"COAHUILA.xlsx","Historia_profesional_y_o_laboral"
"COAHUILA.xlsx","Nombre"
"COAHUILA.xlsx","Partido"
"COAHUILA.xlsx","Por_qué_ocupar_un_cargo_público"
"COAHUILA.xlsx","Propuesta_1"
"COAHUILA.xlsx","Propuesta_2"
"COAHUILA.xlsx","Propuesta_en_materia_de_género"
"COAHUILA.xlsx","Sexo"
"COAHUILA.xlsx","Suplente"
"COAHUILA.xlsx","Telefono"
"COAHUILA.xlsx","Trayectoria_política"
"COAHUILA.xlsx","YouTube"
"COAHUILA.xlsx","facebook"
"COAHUILA.xlsx","instagram"
"COAHUILA.xlsx","tiktok"
"COAHUILA.xlsx","twitter"
"COLIMA.xlsx","AP_MATERNO"
"COLIMA.xlsx","AP_PATERNO"
"COLIMA.xlsx","CARGO"
"COLIMA.xlsx","CORREO"
"COLIMA.xlsx","DISCAPACIDAD"
"COLIMA.xlsx","DISTRITO"
"COLIMA.xlsx","EDAD"
"COLIMA.xlsx","ELECCION"
"COLIMA.xlsx","ESTUDIO"
"COLIMA.xlsx","ID_DISTRITO"
"COLIMA.xlsx","ID_MUNICIPIO"
"COLIMA.xlsx","INDIGENA"
"COLIMA.xlsx","LGBT"
"COLIMA.xlsx","MUNICIPIO"
"COLIMA.xlsx","NOMBRES"
"COLIMA.xlsx","PARTIDO_COALICION"
"COLIMA.xlsx","SEXO"
"COLIMA.xlsx","SOBRENOM"
"COLIMA.xlsx","TIPO"
"COLIMA_3.xlsx","AP_MATERNO"
"COLIMA_3.xlsx","AP_PATERNO"
"COLIMA_3.xlsx","CARGO"
"COLIMA_3.xlsx","DISCAPACIDAD"
"COLIMA_3.xlsx","DISTRITO"
"COLIMA_3.xlsx","EDAD"
"COLIMA_3.xlsx","ELECCION"
"COLIMA_3.xlsx","ESTADO"
"COLIMA_3.xlsx","ESTUDIO"
"COLIMA_3.xlsx","ID_DISTRITO"
"COLIMA_3.xlsx","ID_MUNICIPIO"
"COLIMA_3.xlsx","INDIGENA"
"COLIMA_3.xlsx","LGBT"
"COLIMA_3.xlsx","MUNICIPIO"
"COLIMA_3.xlsx","NOMBRES"
"COLIMA_3.xlsx","NUM"
"COLIMA_3.xlsx","PARTIDO_COALICION"
"COLIMA_3.xlsx","SEXO"
"COLIMA_3.xlsx","SOBRENOM"
"COLIMA_3.xlsx","TIPO"
"COLIMA_DIP.xlsx","AP_MATERNO"
"COLIMA_DIP.xlsx","AP_PATERNO"
"COLIMA_DIP.xlsx","CARGO"
"COLIMA_DIP.xlsx","CORREO"
"COLIMA_DIP.xlsx","DISCAPACIDAD"
"COLIMA_DIP.xlsx","DISTRITO"
"COLIMA_DIP.xlsx","EDAD"
"COLIMA_DIP.xlsx","ELECCION"
"COLIMA_DIP.xlsx","ESTUDIO"
"COLIMA_DIP.xlsx","ID_DISTRITO"
"COLIMA_DIP.xlsx","ID_MUNICIPIO"
"COLIMA_DIP.xlsx","INDIGENA"
"COLIMA_DIP.xlsx","LGBT"
"COLIMA_DIP.xlsx","MUNICIPIO"
"COLIMA_DIP.xlsx","NOMBRES"
"COLIMA_DIP.xlsx","PARTIDO_COALICION"
"COLIMA_DIP.xlsx","SEXO"
"COLIMA_DIP.xlsx","SOBRENOM"
"COLIMA_DIP.xlsx","TIPO"
"EDOMEX.csv","CARGO"
"EDOMEX.csv","CIRCUNSCRIPCION"
"EDOMEX.csv","CORREO_ELECTRONICO_PUBLICO"
"EDOMEX.csv","DIRECCION_CASA_CAMPAÑA"
"EDOMEX.csv","DISTRITO_LOCAL"
"EDOMEX.csv","EDAD"
"EDOMEX.csv","ENTIDAD"
"EDOMEX.csv","ESTATUS_GRADO_DE_ESTUDIOS"
"EDOMEX.csv","GRADO_MAXIMO_ESTUDIOS"
"EDOMEX.csv","HISTORIA_PROFESIONAL_Y_O_LABORAL"
"EDOMEX.csv","MOTIVO_CARGO_PUBLICO"
"EDOMEX.csv","MUNICIPIO"
"EDOMEX.csv","NOMBRE_CANDIDATURA"
"EDOMEX.csv","NUM_LISTA_O_FORMULA"
"EDOMEX.csv","OTRA_FORMACION_ACADEMICA"
"EDOMEX.csv","PAGINA_WEB"
"EDOMEX.csv","PARTIDO_COALICION_CANDIDATURA"
"EDOMEX.csv","PROPUESTA_1"
"EDOMEX.csv","PROPUESTA_2"
"EDOMEX.csv","PROPUESTA_GENERO"
"EDOMEX.csv","REDES_SOCIALES_O_MEDIOS_DE_CONTACTO"
"EDOMEX.csv","SEXO"
"EDOMEX.csv","TELEFONO_PUBLICO_CONTACTO"
"EDOMEX.csv","TIPO_CANDIDATURA"
"EDOMEX.csv","TRAYECTORIA_POLITICA_Y_O_PARTICIPACION_ORGANIZACIONES_CIUDADANAS_O_SOCIEDAD_CIVIL"
"EDOMEX2.xlsx","CARGO"
"EDOMEX2.xlsx","CIRCUNSCRIPCION"
"EDOMEX2.xlsx","CORREO_ELECTRONICO_PUBLICO"
"EDOMEX2.xlsx","DIRECCION_CASA_CAMPAÑA"
"EDOMEX2.xlsx","DISTRITO LOCAL"
"EDOMEX2.xlsx","EDAD"
"EDOMEX2.xlsx","ENTIDAD"
"EDOMEX2.xlsx","ESTATUS_GRADO_DE_ESTUDIOS"
"EDOMEX2.xlsx","GRADO MÁXIMO DE ESTUDIOS"
"EDOMEX2.xlsx","HISTORIA_PROFESIONAL_Y/O_LABORAL"
"EDOMEX2.xlsx","MOTIVO_CARGO_PUBLICO"
"EDOMEX2.xlsx","MUNICIPIO"
"EDOMEX2.xlsx","NOMBRE_CANDIDATURA"
"EDOMEX2.xlsx","NUM_LISTA_O_FORMULA"
"EDOMEX2.xlsx","OTRA_FORMACIÓN_ACADÉMICA"
"EDOMEX2.xlsx","PAGINA_WEB"
"EDOMEX2.xlsx","PARTIDO_COALICION_CANDIDATURA"
"EDOMEX2.xlsx","PROPUESTA_1"
"EDOMEX2.xlsx","PROPUESTA_2"
"EDOMEX2.xlsx","PROPUESTA_GENERO"
"EDOMEX2.xlsx","REDES_SOCIALES_O_MEDIOS_DE_CONTACTO"
"EDOMEX2.xlsx","SEXO"
"EDOMEX2.xlsx","TELEFONO_PUBLICO_DE_CONTACTO"
"EDOMEX2.xlsx","TIPO_CANDIDATURA"
"EDOMEX2.xlsx","TRAYECTORIA_POLITICA_Y/O_PARTICIPACION_ORGANIZACIONES_CIUDADANAS_O_SOCIEDAD_CIVIL"
"ELECCIONES_2016.csv",""
"ELECCIONES_2016.csv","address"
"ELECCIONES_2016.csv","candidacy_reason"
"ELECCIONES_2016.csv","candidate_id"
"ELECCIONES_2016.csv","candidate_name"
"ELECCIONES_2016.csv","deputy_name"
"ELECCIONES_2016.csv","detail_url"
"ELECCIONES_2016.csv","email"
"ELECCIONES_2016.csv","facebook"
"ELECCIONES_2016.csv","has_details"
"ELECCIONES_2016.csv","party_name"
"ELECCIONES_2016.csv","phone"
"ELECCIONES_2016.csv","political_background"
"ELECCIONES_2016.csv","professional_background"
"ELECCIONES_2016.csv","twitter"
"ELECCIONES_2016.csv","youtube"
"ELECCIONES_2018.csv","calle"
"ELECCIONES_2018.csv","colonia"
"ELECCIONES_2018.csv","correoElecPublico"
"ELECCIONES_2018.csv","cp"
"ELECCIONES_2018.csv","descripcionCandidato"
"ELECCIONES_2018.csv","descripcionHLC"
"ELECCIONES_2018.csv","descripcionTP"
"ELECCIONES_2018.csv","edad"
"ELECCIONES_2018.csv","entidadFederativa"
"ELECCIONES_2018.csv","estatusVal"
"ELECCIONES_2018.csv","fechaNacimiento"
"ELECCIONES_2018.csv","genero"
"ELECCIONES_2018.csv","idAsociacion"
"ELECCIONES_2018.csv","idCandidato"
"ELECCIONES_2018.csv","idCandidatura"
"ELECCIONES_2018.csv","idCircunscripcionEleccion"
"ELECCIONES_2018.csv","idDistritoEleccion"
"ELECCIONES_2018.csv","idEstadoEleccion"
"ELECCIONES_2018.csv","idGrado"
"ELECCIONES_2018.csv","idNumFormula"
"ELECCIONES_2018.csv","idTipoCandidatura"
"ELECCIONES_2018.csv","lada"
"ELECCIONES_2018.csv","nombreCandidato"
"ELECCIONES_2018.csv","nombreCorto"
"ELECCIONES_2018.csv","nombreDistrito"
"ELECCIONES_2018.csv","nombreMunicipio"
"ELECCIONES_2018.csv","nombreSuplente"
"ELECCIONES_2018.csv","numExt"
"ELECCIONES_2018.csv","numInt"
"ELECCIONES_2018.csv","numListaDiputado"
"ELECCIONES_2018.csv","numListaSenador"
"ELECCIONES_2018.csv","paginaWeb"
"ELECCIONES_2018.csv","propuesta1"
"ELECCIONES_2018.csv","propuesta2"
"ELECCIONES_2018.csv","propuesta3"
"ELECCIONES_2018.csv","sexo"
"ELECCIONES_2018.csv","source"
"ELECCIONES_2018.csv","source_type"
"ELECCIONES_2018.csv","telefonoPublico"
"ELECCIONES_2018.csv","tipoAsociacion"
"ELECCIONES_2018.csv","tipo_candidatura"
"ELECCIONES_2018.csv","urlFoto"
"ELECCIONES_2021.xls","CANDIDATURA"
"ELECCIONES_2021.xls","CIRCUNSCRIPCION"
"ELECCIONES_2021.xls","CORREO_ELECTRONICO"
"ELECCIONES_2021.xls","CURSOS"
"ELECCIONES_2021.xls","DIRECCION_CASA_CAMPAÑA"
"ELECCIONES_2021.xls","DISTRITO"
"ELECCIONES_2021.xls","EDAD"
"ELECCIONES_2021.xls","ENTIDAD"
"ELECCIONES_2021.xls","ESCOLARIDAD"
"ELECCIONES_2021.xls","ESTATUS_ESCOLARIDAD"
"ELECCIONES_2021.xls","GENERO"
"ELECCIONES_2021.xls","HISTORIA_PROFESIONAL"
"ELECCIONES_2021.xls","MOTIVO_CARGO_PUBLICO"
"ELECCIONES_2021.xls","NOMBRE_CANDIDATO"
"ELECCIONES_2021.xls","NUM_LISTA_O_FORMULA"
"ELECCIONES_2021.xls","PAGINA_WEB"
"ELECCIONES_2021.xls","PARTIDO_COALICION"
"ELECCIONES_2021.xls","PROPUESTA_1"
"ELECCIONES_2021.xls","PROPUESTA_2"
"ELECCIONES_2021.xls","PROPUESTA_GENERO"
"ELECCIONES_2021.xls","REDES"
"ELECCIONES_2021.xls","TELEFONO"
"ELECCIONES_2021.xls","TIPO_CANDIDATO"
"ELECCIONES_2021.xls","TRAYECTORIA_POLITICA"
"ELECCIONES_2022.xlsx","CARGO"
"ELECCIONES_2022.xlsx","CIRCUNSCRIPCION"
"ELECCIONES_2022.xlsx","CORREO_ELECTRONICO"
"ELECCIONES_2022.xlsx","CURSOS"
"ELECCIONES_2022.xlsx","DIRECCION_CASA_CAMPAÑA"
"ELECCIONES_2022.xlsx","DISTRITO LOCAL"
"ELECCIONES_2022.xlsx","EDAD"
"ELECCIONES_2022.xlsx","ENTIDAD"
"ELECCIONES_2022.xlsx","ESCOLARIDAD"
"ELECCIONES_2022.xlsx","ESTATUS_ESCOLARIDAD"
"ELECCIONES_2022.xlsx","HISTORIA_PROFESIONAL"
"ELECCIONES_2022.xlsx","MOTIVO_CARGO_PUBLICO"
"ELECCIONES_2022.xlsx","MUNICIPIO"
"ELECCIONES_2022.xlsx","NOMBRE_CANDIDATO"
"ELECCIONES_2022.xlsx","NUM_LISTA_O_FORMULA"
"ELECCIONES_2022.xlsx","PAGINA_WEB"
"ELECCIONES_2022.xlsx","PARTIDO_COALICION"
"ELECCIONES_2022.xlsx","PROPUESTA_1"
"ELECCIONES_2022.xlsx","PROPUESTA_2"
"ELECCIONES_2022.xlsx","PROPUESTA_GENERO"
"ELECCIONES_2022.xlsx","REDES"
"ELECCIONES_2022.xlsx","SEXO"
"ELECCIONES_2022.xlsx","TELEFONO"
"ELECCIONES_2022.xlsx","TIPO_CANDIDATO"
"ELECCIONES_2022.xlsx","TRAYECTORIA_POLITICA"
"ELECCIONES_2022.xlsx","Year"
"GUANAJUATO.xlsx","CARGO"
"GUANAJUATO.xlsx","CORREO_ELECTRONICO"
"GUANAJUATO.xlsx","CURSOS"
"GUANAJUATO.xlsx","DIRECCION_CASA_CAMPAÑA"
"GUANAJUATO.xlsx","EDAD"
"GUANAJUATO.xlsx","ENTIDAD"
"GUANAJUATO.xlsx","ESCOLARIDAD"
"GUANAJUATO.xlsx","ESTATUS_ESCOLARIDAD"
"GUANAJUATO.xlsx","FACEBOOK"
"GUANAJUATO.xlsx","HISTORIA_PROFESIONAL"
"GUANAJUATO.xlsx","INSTAGRAM"
"GUANAJUATO.xlsx","MOTIVO_CARGO_PUBLICO"
"GUANAJUATO.xlsx","NOMBRE_CANDIDATO"
"GUANAJUATO.xlsx","PAGINA_WEB"
"GUANAJUATO.xlsx","PARTIDO_COALICION"
"GUANAJUATO.xlsx","PROPUESTA_1"
"GUANAJUATO.xlsx","PROPUESTA_2"
"GUANAJUATO.xlsx","PROPUESTA_GENERO"
"GUANAJUATO.xlsx","SEXO"
"GUANAJUATO.xlsx","TELEFONO"
"GUANAJUATO.xlsx","TIKTOK"
"GUANAJUATO.xlsx","TRAYECTORIA_POLITICA"
"GUANAJUATO.xlsx","TWITTER"
"GUANAJUATO.xlsx","UBICACION"
"HIDALGO.xls","Cargo"
"HIDALGO.xls","Correo electrónico"
"HIDALGO.xls","Dirección casa campaña"
"HIDALGO.xls","Distrito local"
"HIDALGO.xls","Edad"
"HIDALGO.xls","Entidad"
"HIDALGO.xls","Escolaridad"
"HIDALGO.xls","Estatus escolaridad"
"HIDALGO.xls","Historia profesional"
"HIDALGO.xls","Motivo del cargo público"
"HIDALGO.xls","Municipio"
"HIDALGO.xls","Nombre candidata(to)"
"HIDALGO.xls","Número lista o formula"
"HIDALGO.xls","Partido coalición"
"HIDALGO.xls","Propuesta 1"
"HIDALGO.xls","Propuesta 2"
"HIDALGO.xls","Propuesta de género"
"HIDALGO.xls","Página web"
"HIDALGO.xls","Redes"
"HIDALGO.xls","Sexo"
"HIDALGO.xls","Teléfono"
"HIDALGO.xls","Tipo candidato"
"HIDALGO.xls","Trayectoria política"
"JALISCO.xlsx","Candidatura"
"JALISCO.xlsx","Correo(s) electrónico(s) público(s)"
"JALISCO.xlsx","Distrito"
"JALISCO.xlsx","Domicilio(s) de casa de campaña"
"JALISCO.xlsx","Edad"
"JALISCO.xlsx","Estado"
"JALISCO.xlsx","Estatus de grado maximo de estudios"
"JALISCO.xlsx","Facebook"
"JALISCO.xlsx","Folio"
"JALISCO.xlsx","Fuerza Política Postulante"
"JALISCO.xlsx","Fueza Política"
"JALISCO.xlsx","Grado maximo de estudios"
"JALISCO.xlsx","Género"
"JALISCO.xlsx","Historia profesional y/o laboral"
"JALISCO.xlsx","Instagram"
"JALISCO.xlsx","Lugar de Planilla"
"JALISCO.xlsx","Lugar de lista"
"JALISCO.xlsx","Municipio"
"JALISCO.xlsx","Nombre y alias"
"JALISCO.xlsx","Otra"
"JALISCO.xlsx","Otra formación académica: cursos, diplomados, seminarios, etcétera"
"JALISCO.xlsx","Propuesta en materia de género o, en su caso, del grupo en situación de discriminación que representa"
"JALISCO.xlsx","Propuesta principal 1"
"JALISCO.xlsx","Propuesta principal 2"
"JALISCO.xlsx","Página web"
"JALISCO.xlsx","Teléfono(s) público(s) de contacto"
"JALISCO.xlsx","Tiktok"
"JALISCO.xlsx","Tipo de candidatura"
"JALISCO.xlsx","Trayectoria política y/o participación social en organizaciones ciudadanas o de la sociedad civil"
"JALISCO.xlsx","Twitter"
"JALISCO.xlsx","Youtube"
"JALISCO.xlsx","¿Por qué quiere ocupar un cargo público?"
"MORELOS.xlsx","CARGO"
"MORELOS.xlsx","CIRCUNSCRIPCION"
"MORELOS.xlsx","DISTRITOLOCAL"
"MORELOS.xlsx","Domicilio"
"MORELOS.xlsx","EDAD"
"MORELOS.xlsx","ENTIDAD"
"MORELOS.xlsx","Email"
"MORELOS.xlsx","Estatus Grado"
"MORELOS.xlsx","Facebook"
"MORELOS.xlsx","Grado Academico"
"MORELOS.xlsx","Historia Profesional Laboral"
"MORELOS.xlsx","Instagram"
"MORELOS.xlsx","MUNICIPIO"
"MORELOS.xlsx","NOMBRE_CANDIDATO"
"MORELOS.xlsx","NUM_LISTA_O_FORMULA"
"MORELOS.xlsx","Otra Formación"
"MORELOS.xlsx","PARTIDO_COALICION"
"MORELOS.xlsx","Propuesta 1"
"MORELOS.xlsx","Propuesta 2"
"MORELOS.xlsx","Propuesta de género"
"MORELOS.xlsx","Página"
"MORELOS.xlsx","SEXO"
"MORELOS.xlsx","TIPO_CANDIDATO"
"MORELOS.xlsx","Telefono"
"MORELOS.xlsx","TikTok"
"MORELOS.xlsx","Trayectoria Pólitica"
"MORELOS.xlsx","Twitter"
"MORELOS.xlsx","YouTube"
"MORELOS.xlsx","¿Por que quiere ocupar un cargo público?"
"NUEVOLEON.xlsx","1. ¿Se identifica como una persona indígena o como parte de algún pueblo o comunidad indígena?"
"NUEVOLEON.xlsx","10. En caso de haber respondido afirmativamente la pregunta anterior, usted se identifica como:"
"NUEVOLEON.xlsx","11. ¿Es usted migrante?"
"NUEVOLEON.xlsx","12. ¿En que país reside?"
"NUEVOLEON.xlsx","13. ¿Cuánto tiempo a vivido en el extranjero?"
"NUEVOLEON.xlsx","14. ¿Cuál fue el motivo de la residencia en el extranjero?"
"NUEVOLEON.xlsx","15. Cuando emigró, ¿se encontraba con una situación regular de trabajo o con un lugar asegurado en alguna institucion educativa del país extranjero?"
"NUEVOLEON.xlsx","16. ¿Es parte de la población joven?"
"NUEVOLEON.xlsx","17 ¿Es parte de la población de personas mayores?"
"NUEVOLEON.xlsx","18 Pensando en todo lo que ganó usted el mes pasado, ¿en cuál de los siguientes grupos de ingresos se encuentra? Por favor inclua salario, o alguna otra ganancia que generalmente recibe cada mes."
"NUEVOLEON.xlsx","19. Su fuente principal de ingresos es:"
"NUEVOLEON.xlsx","2. ¿Habla o entiende alguna lengua indígena?"
"NUEVOLEON.xlsx","20. Entiedad federativa de nacimiento"
"NUEVOLEON.xlsx","3. ¿A qué pueblo y/o comunidad indígena pertenece?"
"NUEVOLEON.xlsx","4. ¿Tiene algún tipo de discapacidad?"
"NUEVOLEON.xlsx","5. En caso de haber respondido afirmativamente la pregunta anterior, el tipo de discapacidad con el que vive es"
"NUEVOLEON.xlsx","6. En caso afirmativo, ¿de qué  tipo?"
"NUEVOLEON.xlsx","7. Su tipo de discapacidad le dificulta o impide:"
"NUEVOLEON.xlsx","8.¿Se considera una persona afromexicana o qué forma parte de alguna comunidad afrodescendiente?"
"NUEVOLEON.xlsx","9. ¿Es usted una persona de la población LGBTTTIQ+ (Lesbiana, Gay, Bisexual, Transgenero, Travesti, Transexual, Intersexual, Queer, No Binaria, u otra)?"
"NUEVOLEON.xlsx","Cargo"
"NUEVOLEON.xlsx","Edad"
"NUEVOLEON.xlsx","Género"
"NUEVOLEON.xlsx","Municipio/Distrito"
"NUEVOLEON.xlsx","Nombre Completo"
"NUEVOLEON.xlsx","Partido Politico/Coalición/Candidatura Independiente"
"NUEVOLEON.xlsx","Seleccione donde se presenta su discapacidad:"
"NUEVOLEON.xlsx","Tipo Elección"
"OAXACA.xlsx","alias"
"OAXACA.xlsx","direccion"
"OAXACA.xlsx","estatus"
"OAXACA.xlsx","estudios"
"OAXACA.xlsx","fecha_nac"
"OAXACA.xlsx","historia_profesional"
"OAXACA.xlsx","materno"
"OAXACA.xlsx","nombre"
"OAXACA.xlsx","otros_estudios"
"OAXACA.xlsx","paterno"
"OAXACA.xlsx","porque_cargo_publico"
"OAXACA.xlsx","propuestas_principales"
"OAXACA.xlsx","propuestasgenero"
"OAXACA.xlsx","sexo"
"OAXACA.xlsx","telefono"
"OAXACA.xlsx","trayectoria"
"PUEBLA.xlsx","ACCION AFIRMTIVA"
"PUEBLA.xlsx","CARGO"
"PUEBLA.xlsx","DIRECCION DE CASA DE CAMPAÑA"
"PUEBLA.xlsx","DISTRITO LOCAL"
"PUEBLA.xlsx","EDAD"
"PUEBLA.xlsx","ENTIDAD"
"PUEBLA.xlsx","ESTATUS GRADO DE ESTUDIOS"
"PUEBLA.xlsx","GRADO MÁXIMO DE ESTUDIOS"
"PUEBLA.xlsx","HISTORIA PROFESIONAL Y/O LABORAL"
"PUEBLA.xlsx","MOTIVO DE CARGO PUBLICO"
"PUEBLA.xlsx","MUNICIPIO"
"PUEBLA.xlsx","NOMBRE DE LA CANDIDATURA"
"PUEBLA.xlsx","OTRA FORMACIÓN ACADÉMICA"
"PUEBLA.xlsx","PAGINA WEB"
"PUEBLA.xlsx","PARTIDO-COALICION-CANDIDATURA"
"PUEBLA.xlsx","PROPUESTA 1"
"PUEBLA.xlsx","PROPUESTA 2"
"PUEBLA.xlsx","PROPUESTA DE GENERO"
"PUEBLA.xlsx","REDES SOCIALES O MEDIOS DE CONTACTO"
"PUEBLA.xlsx","SEXO"
"PUEBLA.xlsx","TELEFONO PÚBLICO DE CONTACTO"
"PUEBLA.xlsx","TIPO DE CANDIDATURA"
"PUEBLA.xlsx","TRAYECTORIA POLITICA Y/O ORGANIZACIONES CIUDADANAS O SOCIEDAD CIVIL"
"QUERETARO.xlsx","ASPECTO_MAS_DESTACADO"
"QUERETARO.xlsx","CARACTER"
"QUERETARO.xlsx","CARGO"
"QUERETARO.xlsx","CORREOS_ELECTRONICO_PUBLICO"
"QUERETARO.xlsx","DIRECCION_CASA_CAMPANA"
"QUERETARO.xlsx","DISTRITO_LOCAL"
"QUERETARO.xlsx","EDAD"
"QUERETARO.xlsx","ENTIDAD"
"QUERETARO.xlsx","ESTATUS_GRADO_DE_ESTUDIOS"
"QUERETARO.xlsx","GRADO_MAXIMO_DE_ESTUDIOS"
"QUERETARO.xlsx","HISTORIA_PROFESIONAL_Y/O_LABORAL"
"QUERETARO.xlsx","MOTIVO_CARGO_PUBLICO"
"QUERETARO.xlsx","MUNICIPIO"
"QUERETARO.xlsx","NOMBRE_CANDIDATURA"
"QUERETARO.xlsx","NUM_LISTA_O_FORMULA"
"QUERETARO.xlsx","OTRA_FORMACION_ACADEMICA"
"QUERETARO.xlsx","PAGINA_WEB"
"QUERETARO.xlsx","PARTIDO_COALICION_CANDIDATURA"
"QUERETARO.xlsx","PROPUESTA_1"
"QUERETARO.xlsx","PROPUESTA_2"
"QUERETARO.xlsx","PROPUESTA_GENERO_GAP"
"QUERETARO.xlsx","REDES_SOCIALES"
"QUERETARO.xlsx","SEXO"
"QUERETARO.xlsx","SOBRENOMBRE"
"QUERETARO.xlsx","TELEFONOS_PUBLICO_DE_CONTACTO"
"QUERETARO.xlsx","TRAYECTORIA_POLITICA_Y/O_PARTICIPACION_ORGANIZACIONES_CIUDADANAS_O_SOCIEDAD_CIVIL"
"SIL_Mayors.dta","birth"
"SIL_Mayors.dta","finp"
"SIL_Mayors.dta","finp10"
"SIL_Mayors.dta","finp11"
"SIL_Mayors.dta","finp12"
"SIL_Mayors.dta","finp13"
"SIL_Mayors.dta","finp14"
"SIL_Mayors.dta","finp15"
"SIL_Mayors.dta","finp16"
"SIL_Mayors.dta","finp17"
"SIL_Mayors.dta","finp18"
"SIL_Mayors.dta","finp19"
"SIL_Mayors.dta","finp2"
"SIL_Mayors.dta","finp20"
"SIL_Mayors.dta","finp21"
"SIL_Mayors.dta","finp22"
"SIL_Mayors.dta","finp23"
"SIL_Mayors.dta","finp24"
"SIL_Mayors.dta","finp25"
"SIL_Mayors.dta","finp3"
"SIL_Mayors.dta","finp4"
"SIL_Mayors.dta","finp5"
"SIL_Mayors.dta","finp6"
"SIL_Mayors.dta","finp7"
"SIL_Mayors.dta","finp8"
"SIL_Mayors.dta","finp9"
"SIL_Mayors.dta","id"
"SIL_Mayors.dta","inip"
"SIL_Mayors.dta","inip10"
"SIL_Mayors.dta","inip11"
"SIL_Mayors.dta","inip12"
"SIL_Mayors.dta","inip13"
"SIL_Mayors.dta","inip14"
"SIL_Mayors.dta","inip15"
"SIL_Mayors.dta","inip16"
"SIL_Mayors.dta","inip17"
"SIL_Mayors.dta","inip18"
"SIL_Mayors.dta","inip19"
"SIL_Mayors.dta","inip2"
"SIL_Mayors.dta","inip20"
"SIL_Mayors.dta","inip21"
"SIL_Mayors.dta","inip22"
"SIL_Mayors.dta","inip23"
"SIL_Mayors.dta","inip24"
"SIL_Mayors.dta","inip25"
"SIL_Mayors.dta","inip3"
"SIL_Mayors.dta","inip4"
"SIL_Mayors.dta","inip5"
"SIL_Mayors.dta","inip6"
"SIL_Mayors.dta","inip7"
"SIL_Mayors.dta","inip8"
"SIL_Mayors.dta","inip9"
"SIL_Mayors.dta","legislatura"
"SIL_Mayors.dta","nombre2"
"SIL_Mayors.dta","partido"
"SIL_Mayors.dta","periododelabrnbsp"
"SIL_Mayors.dta","pospub"
"SIL_Mayors.dta","pospub1"
"SIL_Mayors.dta","pospub10"
"SIL_Mayors.dta","pospub11"
"SIL_Mayors.dta","pospub12"
"SIL_Mayors.dta","pospub13"
"SIL_Mayors.dta","pospub14"
"SIL_Mayors.dta","pospub15"
"SIL_Mayors.dta","pospub16"
"SIL_Mayors.dta","pospub17"
"SIL_Mayors.dta","pospub18"
"SIL_Mayors.dta","pospub19"
"SIL_Mayors.dta","pospub2"
"SIL_Mayors.dta","pospub20"
"SIL_Mayors.dta","pospub21"
"SIL_Mayors.dta","pospub22"
"SIL_Mayors.dta","pospub23"
"SIL_Mayors.dta","pospub24"
"SIL_Mayors.dta","pospub25"
"SIL_Mayors.dta","pospub3"
"SIL_Mayors.dta","pospub4"
"SIL_Mayors.dta","pospub5"
"SIL_Mayors.dta","pospub6"
"SIL_Mayors.dta","pospub7"
"SIL_Mayors.dta","pospub8"
"SIL_Mayors.dta","pospub9"
"SIL_Mayors.dta","prev_may"
"SIL_Mayors.dta","principio"
"SIL_Mayors.dta","statebth"
"SIL_Mayors.dta","toma"
"SINALOA.xlsx","CANDIDATURA PROPIETARIA"
"SINALOA.xlsx","CANDIDATURA SUPLENTE"
"SINALOA.xlsx","CARGO"
"SINALOA.xlsx","CORREO PÚBLICO"
"SINALOA.xlsx","DOMICILIO DE CASA DE CAMPAÑA"
"SINALOA.xlsx","ESTADO"
"SINALOA.xlsx","FACEBOOK"
"SINALOA.xlsx","FECHA DE NACIMIENTO"
"SINALOA.xlsx","FORMACION ACADEMICO"
"SINALOA.xlsx","GRADO ACADEMICO"
"SINALOA.xlsx","GÉNERO"
"SINALOA.xlsx","HISTORIA PROFESIONALY/O LABORAL"
"SINALOA.xlsx","INSTAGRAM"
"SINALOA.xlsx","LOCALIDAD"
"SINALOA.xlsx","LUGAR DE NACIMIENTO"
"SINALOA.xlsx","PAGINA WEB"
"SINALOA.xlsx","PARTIDO"
"SINALOA.xlsx","PROPUESTA 1"
"SINALOA.xlsx","PROPUESTA 2"
"SINALOA.xlsx","PROPUESTA EN MATERIA DE GÉNERO"
"SINALOA.xlsx","TIKTOK"
"SINALOA.xlsx","TIPO"
"SINALOA.xlsx","TIPO DE CANDIDATURA"
"SINALOA.xlsx","TRAYECTORIA POLÍTICA"
"SINALOA.xlsx","TÉLEFONO PÚBLICO"
"SINALOA.xlsx","X"
"SINALOA.xlsx","YOUTUBE"
"SINALOA.xlsx","¿POR QUÉ QUIERE OCUPAR UN CARGO PÚBLICO?"
"SINALOA.xlsx","¿PUBLICA DECLARACIONES?"
"SINALOA.xlsx","¿PUBLICADO?"
"SLP.csv","Correo(s) electronico(s) publico(s)"
"SLP.csv","Domicilio(s) de casa de campana"
"SLP.csv","Eleccion"
"SLP.csv","FB"
"SLP.csv","Grado maximo de estudios y su estatus"
"SLP.csv","Historia profesional y/o laboral"
"SLP.csv","INS"
"SLP.csv","MR-RP"
"SLP.csv","Nombre"
"SLP.csv","Nombre Coalicion"
"SLP.csv","Otra formacion academica"
"SLP.csv","Otra red social"
"SLP.csv","Pagina Web"
"SLP.csv","Partido"
"SLP.csv","Primer Apellido"
"SLP.csv","Propuestas en materia de genero o, en su caso, del grupo en situacion de discriminacion que representa"
"SLP.csv","Puesto"
"SLP.csv","Segundo Apellido"
"SLP.csv","Siglas"
"SLP.csv","TT"
"SLP.csv","TW"
"SLP.csv","Telefono(s) publico(s) de contacto"
"SLP.csv","Tipo"
"SLP.csv","Tipo Candidatura"
"SLP.csv","Trayectoria politica y/o participacion social en organizaciones ciudadanas o de la sociedad civil"
"SLP.csv","YT"
"SLP.csv","¿Cual es la primera de sus dos principales propuestas?"
"SLP.csv","¿Cual es la segunda de sus dos principales propuestas?"
"SLP.csv","¿Por que quiere ocupar un cargo publico?"
"SOLICITUD_1.xlsx","CANDIDATURA"
"SOLICITUD_1.xlsx","CORREO_ELECTRONICO"
"SOLICITUD_1.xlsx","CURSOS"
"SOLICITUD_1.xlsx","Capturó cv"
"SOLICITUD_1.xlsx","DISTRITO"
"SOLICITUD_1.xlsx","DOMICILIO"
"SOLICITUD_1.xlsx","EDAD"
"SOLICITUD_1.xlsx","ESCOLARIDAD"
"SOLICITUD_1.xlsx","ESTADO"
"SOLICITUD_1.xlsx","ESTATUS_ESCOLARIDAD"
"SOLICITUD_1.xlsx","FOTO"
"SOLICITUD_1.xlsx","HISTORIA_PROFESIONAL"
"SOLICITUD_1.xlsx","MOTIVO_CARGO_PUBLICO"
"SOLICITUD_1.xlsx","NOMBRE_PROPIETARIO"
"SOLICITUD_1.xlsx","NOMBRE_SUPLENTE"
"SOLICITUD_1.xlsx","PAGINA_WEB"
"SOLICITUD_1.xlsx","PARTIDO_COALICION"
"SOLICITUD_1.xlsx","PROPUESTA_1"
"SOLICITUD_1.xlsx","PROPUESTA_2"
"SOLICITUD_1.xlsx","PROPUESTA_GENERO"
"SOLICITUD_1.xlsx","REDES"
"SOLICITUD_1.xlsx","SEXO"
"SOLICITUD_1.xlsx","TELEFONO"
"SOLICITUD_1.xlsx","TRAYECTORIA_POLITICA"
"SOLICITUD_1.xlsx","VIGENTE"
"SOLICITUD_2.xlsx","CANDIDATURA"
"SOLICITUD_2.xlsx","CORREO_ELECTRONICO"
"SOLICITUD_2.xlsx","CURSOS"
"SOLICITUD_2.xlsx","Capturó cv"
"SOLICITUD_2.xlsx","DISTRITO"
"SOLICITUD_2.xlsx","DOMICILIO"
"SOLICITUD_2.xlsx","EDAD"
"SOLICITUD_2.xlsx","ESCOLARIDAD"
"SOLICITUD_2.xlsx","ESTADO"
"SOLICITUD_2.xlsx","ESTATUS_ESCOLARIDAD"
"SOLICITUD_2.xlsx","FOTO"
"SOLICITUD_2.xlsx","HISTORIA_PROFESIONAL"
"SOLICITUD_2.xlsx","MOTIVO_CARGO_PUBLICO"
"SOLICITUD_2.xlsx","NOMBRE_PROPIETARIO"
"SOLICITUD_2.xlsx","NOMBRE_SUPLENTE"
"SOLICITUD_2.xlsx","PAGINA_WEB"
"SOLICITUD_2.xlsx","PARTIDO_COALICION"
"SOLICITUD_2.xlsx","PROPUESTA_1"
"SOLICITUD_2.xlsx","PROPUESTA_2"
"SOLICITUD_2.xlsx","PROPUESTA_GENERO"
"SOLICITUD_2.xlsx","REDES"
"SOLICITUD_2.xlsx","SEXO"
"SOLICITUD_2.xlsx","TELEFONO"
"SOLICITUD_2.xlsx","TRAYECTORIA_POLITICA"
"SOLICITUD_2.xlsx","VIGENTE"
"SOLICITUD_3.xlsx","CANDIDATURA"
"SOLICITUD_3.xlsx","CORREO_ELECTRONICO"
"SOLICITUD_3.xlsx","CURSOS"
"SOLICITUD_3.xlsx","Capturó cv"
"SOLICITUD_3.xlsx","DISTRITO"
"SOLICITUD_3.xlsx","DOMICILIO"
"SOLICITUD_3.xlsx","EDAD"
"SOLICITUD_3.xlsx","ESCOLARIDAD"
"SOLICITUD_3.xlsx","ESTADO"
"SOLICITUD_3.xlsx","ESTATUS_ESCOLARIDAD"
"SOLICITUD_3.xlsx","FOTO"
"SOLICITUD_3.xlsx","HISTORIA_PROFESIONAL"
"SOLICITUD_3.xlsx","MOTIVO_CARGO_PUBLICO"
"SOLICITUD_3.xlsx","NOMBRE_PROPIETARIO"
"SOLICITUD_3.xlsx","NOMBRE_SUPLENTE"
"SOLICITUD_3.xlsx","PAGINA_WEB"
"SOLICITUD_3.xlsx","PARTIDO_COALICION"
"SOLICITUD_3.xlsx","PROPUESTA_1"
"SOLICITUD_3.xlsx","PROPUESTA_2"
"SOLICITUD_3.xlsx","PROPUESTA_GENERO"
"SOLICITUD_3.xlsx","REDES"
"SOLICITUD_3.xlsx","SEXO"
"SOLICITUD_3.xlsx","TELEFONO"
"SOLICITUD_3.xlsx","TRAYECTORIA_POLITICA"
"SOLICITUD_3.xlsx","VIGENTE"
"SOLICITUD_4.xlsx","CANDIDATURA"
"SOLICITUD_4.xlsx","CORREO_ELECTRONICO"
"SOLICITUD_4.xlsx","CURSOS"
"SOLICITUD_4.xlsx","Capturó cv"
"SOLICITUD_4.xlsx","DISTRITO"
"SOLICITUD_4.xlsx","DOMICILIO"
"SOLICITUD_4.xlsx","EDAD"
"SOLICITUD_4.xlsx","ESCOLARIDAD"
"SOLICITUD_4.xlsx","ESTADO"
"SOLICITUD_4.xlsx","ESTATUS_ESCOLARIDAD"
"SOLICITUD_4.xlsx","FOTO"
"SOLICITUD_4.xlsx","HISTORIA_PROFESIONAL"
"SOLICITUD_4.xlsx","MOTIVO_CARGO_PUBLICO"
"SOLICITUD_4.xlsx","NOMBRE_PROPIETARIO"
"SOLICITUD_4.xlsx","NOMBRE_SUPLENTE"
"SOLICITUD_4.xlsx","PAGINA_WEB"
"SOLICITUD_4.xlsx","PARTIDO_COALICION"
"SOLICITUD_4.xlsx","PROPUESTA_1"
"SOLICITUD_4.xlsx","PROPUESTA_2"
"SOLICITUD_4.xlsx","PROPUESTA_GENERO"
"SOLICITUD_4.xlsx","REDES"
"SOLICITUD_4.xlsx","SEXO"
"SOLICITUD_4.xlsx","TELEFONO"
"SOLICITUD_4.xlsx","TRAYECTORIA_POLITICA"
"SOLICITUD_4.xlsx","VIGENTE"
"SONORA.xlsx","1. Es indigena?"
"SONORA.xlsx","10. como se identifica"
"SONORA.xlsx","10. otro"
"SONORA.xlsx","11. es migrante?"
"SONORA.xlsx","12. en que pais reside?"
"SONORA.xlsx","13. cuanto tiempo ha vivido en el extranjero?"
"SONORA.xlsx","14. motivo de residencia en el extranjero"
"SONORA.xlsx","14. otro"
"SONORA.xlsx","15. cuando emigró, se encontraba en una situacion regular?"
"SONORA.xlsx","16, es una persona joven?"
"SONORA.xlsx","17. es adulto mayor?"
"SONORA.xlsx","18. cuanto gana al mes"
"SONORA.xlsx","19. fuente principal de ingreos"
"SONORA.xlsx","2. Habla lengua indigena?"
"SONORA.xlsx","20. Entidad federativa de nacimiento"
"SONORA.xlsx","3. Otro"
"SONORA.xlsx","3. a que comunidad indigena pertenece?"
"SONORA.xlsx","4. tiene discapacidad?"
"SONORA.xlsx","5.Otro tipo discapacidad"
"SONORA.xlsx","5.Tipo discapacidad con el que vive"
"SONORA.xlsx","6. Otro tipo discapacidad"
"SONORA.xlsx","6.tipo discapacidad"
"SONORA.xlsx","7. Otra"
"SONORA.xlsx","7. la disapacidad le dificulta o impide"
"SONORA.xlsx","8. es persona afromexicana?"
"SONORA.xlsx","9. es persona de la comunidad LGBTTTIQ+"
"SONORA.xlsx","Actor Político"
"SONORA.xlsx","Cargo"
"SONORA.xlsx","Correo"
"SONORA.xlsx","Distrito o Municipio"
"SONORA.xlsx","Estatus de grado de estudio"
"SONORA.xlsx","Facebook"
"SONORA.xlsx","Grado maximo de estudio"
"SONORA.xlsx","Historio profesional"
"SONORA.xlsx","Instagram"
"SONORA.xlsx","Nombre"
"SONORA.xlsx","Otra Red Social"
"SONORA.xlsx","Pagina web"
"SONORA.xlsx","Por que quiere ocupar el cargo"
"SONORA.xlsx","Primer Apellido"
"SONORA.xlsx","Propuesta Num 1"
"SONORA.xlsx","Propuesta Num 2"
"SONORA.xlsx","Propuesta en materia de género"
"SONORA.xlsx","Segundo Apellido"
"SONORA.xlsx","Telefono"
"SONORA.xlsx","Tiktok"
"SONORA.xlsx","Trayectoria Politica"
"SONORA.xlsx","Twitter"
"SONORA.xlsx","Youtube"
"TABASCO.xlsx","Actor Político"
"TABASCO.xlsx","Actor Político Nombre"
"TABASCO.xlsx","Correo 1"
"TABASCO.xlsx","Correo 2"
"TABASCO.xlsx","Domicilio 1"
"TABASCO.xlsx","Domicilio 2"
"TABASCO.xlsx","Edad"
"TABASCO.xlsx","Eleccion"
"TABASCO.xlsx","Entidad"
"TABASCO.xlsx","Grado de Estudio"
"TABASCO.xlsx","Historial profesional y/o laboral"
"TABASCO.xlsx","Municipio"
"TABASCO.xlsx","No. de Candidatura"
"TABASCO.xlsx","Nombre"
"TABASCO.xlsx","Principio Electoral"
"TABASCO.xlsx","Proceso Electoral"
"TABASCO.xlsx","Propuesta 1"
"TABASCO.xlsx","Propuesta 2"
"TABASCO.xlsx","Propuesta en materia de género o adicional"
"TABASCO.xlsx","Sexo"
"TABASCO.xlsx","Sitio Web 1"
"TABASCO.xlsx","Sitio Web 2"
"TABASCO.xlsx","Telefono 1"
"TABASCO.xlsx","Telefono 2"
"TABASCO.xlsx","Tipo de Candidatura"
"TABASCO.xlsx","Trayectoria Política"
"TABASCO.xlsx","¿Por qué quiero ocupar un cargo público?"
"TAMAULIPAS.xlsx","CARGO"
"TAMAULIPAS.xlsx","CIRCUNSCRIPCION"
"TAMAULIPAS.xlsx","CORREO_ELECTRONICO"
"TAMAULIPAS.xlsx","CURSOS"
"TAMAULIPAS.xlsx","DIRECCION_CASA_CAMPAÑA"
"TAMAULIPAS.xlsx","DISTRITO LOCAL"
"TAMAULIPAS.xlsx","EDAD"
"TAMAULIPAS.xlsx","ENTIDAD"
"TAMAULIPAS.xlsx","ESCOLARIDAD"
"TAMAULIPAS.xlsx","ESTATUS_ESCOLARIDAD"
"TAMAULIPAS.xlsx","HISTORIA_PROFESIONAL"
"TAMAULIPAS.xlsx","MOTIVO_CARGO_PUBLICO"
"TAMAULIPAS.xlsx","MUNICIPIO"
"TAMAULIPAS.xlsx","NOMBRE_CANDIDATO"
"TAMAULIPAS.xlsx","NUM_LISTA_O_FORMULA"
"TAMAULIPAS.xlsx","PAGINA_WEB"
"TAMAULIPAS.xlsx","PARTIDO_COALICION"
"TAMAULIPAS.xlsx","PROPUESTA_1"
"TAMAULIPAS.xlsx","PROPUESTA_2"
"TAMAULIPAS.xlsx","PROPUESTA_GENERO"
"TAMAULIPAS.xlsx","REDES"
"TAMAULIPAS.xlsx","SEXO"
"TAMAULIPAS.xlsx","TELEFONO"
"TAMAULIPAS.xlsx","TIPO_CANDIDATO"
"TAMAULIPAS.xlsx","TRAYECTORIA_POLITICA"
"TLAXCALA_2.xlsx","CABECERA"
"TLAXCALA_2.xlsx","CARGO"
"TLAXCALA_2.xlsx","CORREO ELECTRÓNICO 1"
"TLAXCALA_2.xlsx","CORREO ELECTRÓNICO 2"
"TLAXCALA_2.xlsx","CORREO ELECTRÓNICO 3"
"TLAXCALA_2.xlsx","CURSOS"
"TLAXCALA_2.xlsx","DIRECCIÓN CASA DE CAMPAÑA 1"
"TLAXCALA_2.xlsx","DIRECCIÓN CASA DE CAMPAÑA 2"
"TLAXCALA_2.xlsx","DIRECCIÓN CASA DE CAMPAÑA 3"
"TLAXCALA_2.xlsx","DISTRITO LOCAL"
"TLAXCALA_2.xlsx","EDAD"
"TLAXCALA_2.xlsx","ENTIDAD"
"TLAXCALA_2.xlsx","ESCOLARIDAD"
"TLAXCALA_2.xlsx","ESTATUS ESCOLARIDAD"
"TLAXCALA_2.xlsx","FECHA DE REGISTRO"
"TLAXCALA_2.xlsx","HISTORIA PROFESIONAL"
"TLAXCALA_2.xlsx","MOTIVO CARGO PÚBLICO"
"TLAXCALA_2.xlsx","MUNICIPIO"
"TLAXCALA_2.xlsx","NOMBRE CANDIDATO"
"TLAXCALA_2.xlsx","PARTIDO COALICIÓN"
"TLAXCALA_2.xlsx","PRELACIÓN"
"TLAXCALA_2.xlsx","PROPUESTA 1"
"TLAXCALA_2.xlsx","PROPUESTA 2"
"TLAXCALA_2.xlsx","PROPUESTA GÉNERO"
"TLAXCALA_2.xlsx","PÁGINA WEB"
"TLAXCALA_2.xlsx","REDES SOCIALES FACEBOOK"
"TLAXCALA_2.xlsx","REDES SOCIALES INSTAGRAM"
"TLAXCALA_2.xlsx","REDES SOCIALES OTRA"
"TLAXCALA_2.xlsx","REDES SOCIALES TIKTOK"
"TLAXCALA_2.xlsx","REDES SOCIALES TWITTER"
"TLAXCALA_2.xlsx","REDES SOCIALES YOUTUBE"
"TLAXCALA_2.xlsx","SEXO"
"TLAXCALA_2.xlsx","SOBRENOMBRE"
"TLAXCALA_2.xlsx","TELEFONO 1"
"TLAXCALA_2.xlsx","TELEFONO 2"
"TLAXCALA_2.xlsx","TELEFONO 3"
"TLAXCALA_2.xlsx","TIPO CANDIDATO"
"TLAXCALA_2.xlsx","TRAYECTORIA POLÍTICA"
"Tlaxcala.xlsx","CABECERA"
"Tlaxcala.xlsx","CARGO"
"Tlaxcala.xlsx","CORREO ELECTRÓNICO 1"
"Tlaxcala.xlsx","CORREO ELECTRÓNICO 2"
"Tlaxcala.xlsx","CORREO ELECTRÓNICO 3"
"Tlaxcala.xlsx","CURSOS"
"Tlaxcala.xlsx","DIRECCIÓN CASA DE CAMPAÑA 1"
"Tlaxcala.xlsx","DIRECCIÓN CASA DE CAMPAÑA 2"
"Tlaxcala.xlsx","DIRECCIÓN CASA DE CAMPAÑA 3"
"Tlaxcala.xlsx","DISTRITO LOCAL"
"Tlaxcala.xlsx","EDAD"
"Tlaxcala.xlsx","ENTIDAD"
"Tlaxcala.xlsx","ESCOLARIDAD"
"Tlaxcala.xlsx","ESTATUS ESCOLARIDAD"
"Tlaxcala.xlsx","FECHA DE REGISTRO"
"Tlaxcala.xlsx","HISTORIA PROFESIONAL"
"Tlaxcala.xlsx","MOTIVO CARGO PÚBLICO"
"Tlaxcala.xlsx","MUNICIPIO"
"Tlaxcala.xlsx","NOMBRE CANDIDATO"
"Tlaxcala.xlsx","PARTIDO COALICIÓN"
"Tlaxcala.xlsx","PRELACIÓN"
"Tlaxcala.xlsx","PROPUESTA 1"
"Tlaxcala.xlsx","PROPUESTA 2"
"Tlaxcala.xlsx","PROPUESTA GÉNERO"
"Tlaxcala.xlsx","PÁGINA WEB"
"Tlaxcala.xlsx","REDES SOCIALES FACEBOOK"
"Tlaxcala.xlsx","REDES SOCIALES INSTAGRAM"
"Tlaxcala.xlsx","REDES SOCIALES OTRA"
"Tlaxcala.xlsx","REDES SOCIALES TIKTOK"
"Tlaxcala.xlsx","REDES SOCIALES TWITTER"
"Tlaxcala.xlsx","REDES SOCIALES YOUTUBE"
"Tlaxcala.xlsx","SEXO"
"Tlaxcala.xlsx","SOBRENOMBRE"
"Tlaxcala.xlsx","TELEFONO 1"
"Tlaxcala.xlsx","TELEFONO 2"
"Tlaxcala.xlsx","TELEFONO 3"
"Tlaxcala.xlsx","TIPO CANDIDATO"
"Tlaxcala.xlsx","TRAYECTORIA POLÍTICA"
"YUCATAN.xlsx","1. ¿Se identifica como una persona indígena o como parte de algún pueblo o comunidad indígena?"
"YUCATAN.xlsx","10. En caso de haber respondido afirmativamente a la pregunta anterior, usted se identifica como"
"YUCATAN.xlsx","11. ¿Es usted migrante?"
"YUCATAN.xlsx","12. ¿En qué país reside?"
"YUCATAN.xlsx","13. ¿Cuánto tiempo ha vivido en el extranjero?"
"YUCATAN.xlsx","14. ¿Cuál fue el motivo de la residencia en el extranjero?"
"YUCATAN.xlsx","15. Cuando emigró, ¿se encontraba con una situación regular de trabajo o con un lugar asegurado en alguna institución educativa del país extranjero?"
"YUCATAN.xlsx","16. ¿Es parte de la población joven?"
"YUCATAN.xlsx","17. ¿Es parte de la población de personas mayores?"
"YUCATAN.xlsx","18. Pensando en todo lo que ganó usted el mes pasado, ¿en cuál de los siguientes grupos de ingresos se encuentra? Por favor incluya salario, o alguna otra ganancia que generalmente recibe cada mes."
"YUCATAN.xlsx","19. Su fuente principal de ingresos es"
"YUCATAN.xlsx","2. ¿Habla o entiende alguna lengua indígena?"
"YUCATAN.xlsx","20. Entidad federativa de nacimiento"
"YUCATAN.xlsx","3. ¿A qué pueblo y/o comunidad indígena pertenece?"
"YUCATAN.xlsx","4. ¿Tiene algún tipo de discapacidad?"
"YUCATAN.xlsx","5. En caso de haber respondido afirmativamente la pregunta anterior, el tipo de discapacidad con el que vive es"
"YUCATAN.xlsx","6. En caso afirmativo, ¿de qué tipo?"
"YUCATAN.xlsx","7. Su tipo de discapacidad le dificulta o impide"
"YUCATAN.xlsx","8. ¿Se considera una persona afromexicana o que forma parte de alguna comunidad afrodescendiente?"
"YUCATAN.xlsx","9. ¿Es usted una persona de la población LGBTTTIQ+ (Lesbiana, Gay, Bisexual, Transgénero, Travesti, Transexual, Intersexual, Queer, No Binaria, u otra)?"
"YUCATAN.xlsx","Accion_Afirmativa"
"YUCATAN.xlsx","Cargo"
"YUCATAN.xlsx","Casa_de_campaña"
"YUCATAN.xlsx","Cursos"
"YUCATAN.xlsx","Distrito"
"YUCATAN.xlsx","Edad"
"YUCATAN.xlsx","Estado"
"YUCATAN.xlsx","Estatus_de_estudios"
"YUCATAN.xlsx","Estudios"
"YUCATAN.xlsx","Historia_profesional_y_o_laboral"
"YUCATAN.xlsx","Instagram"
"YUCATAN.xlsx","Num lista"
"YUCATAN.xlsx","Partido"
"YUCATAN.xlsx","Por_qué_ocupar_un_cargo_público"
"YUCATAN.xlsx","Principio"
"YUCATAN.xlsx","Propietario"
"YUCATAN.xlsx","Propuesta_1"
"YUCATAN.xlsx","Propuesta_2"
"YUCATAN.xlsx","Propuesta_en_materia_de_género"
"YUCATAN.xlsx","Regiduría/Ayuntamiento"
"YUCATAN.xlsx","Sexo"
"YUCATAN.xlsx","Sobrenombre"
"YUCATAN.xlsx","Telefono"
"YUCATAN.xlsx","Tiktok"
"YUCATAN.xlsx","Trayectoria_política"
"YUCATAN.xlsx","Twitter"
"YUCATAN.xlsx","YouTube"
"YUCATAN.xlsx","facebook"
"ZACATECAS.xlsx","CARGO"
"ZACATECAS.xlsx","CURSOS"
"ZACATECAS.xlsx","DIRECCION DE CAMPAÑA"
"ZACATECAS.xlsx","ELECCION"
"ZACATECAS.xlsx","EMAIL"
"ZACATECAS.xlsx","ESTATUS DE ESTUDIOS"
"ZACATECAS.xlsx","ESTUDIOS"
"ZACATECAS.xlsx","FACEBOOK"
"ZACATECAS.xlsx","GENERO"
"ZACATECAS.xlsx","HISTORIA PROFESIONAL Y/O LABORAL"
"ZACATECAS.xlsx","INSTAGRAM"
"ZACATECAS.xlsx","MUNICIPIO/DISTRITO"
"ZACATECAS.xlsx","NOMBRE"
"ZACATECAS.xlsx","PARTIDO POLITICO"
"ZACATECAS.xlsx","POR QUE QUIERO OCUPAR UN CARGO PUBLICO"
"ZACATECAS.xlsx","PROPUESTA 1"
"ZACATECAS.xlsx","PROPUESTA 2"
"ZACATECAS.xlsx","PROPUESTA EN MATERIA DE GENERO"
"ZACATECAS.xlsx","TELEFONO PUBLICO"
"ZACATECAS.xlsx","TIKTOK"
"ZACATECAS.xlsx","TRAYECTORIA POLITICA"
"ZACATECAS.xlsx","TWITTER"
"ZACATECAS.xlsx","YOUTUBE"
"baseDatosCandidatos.xls","CARGO"
"baseDatosCandidatos.xls","CIRCUNSCRIPCION"
"baseDatosCandidatos.xls","CORREO_ELECTRONICO"
"baseDatosCandidatos.xls","CURSOS"
"baseDatosCandidatos.xls","DIRECCION_CASA_CAMPAÑA"
"baseDatosCandidatos.xls","DISTRITO_FEDERAL"
"baseDatosCandidatos.xls","EDAD"
"baseDatosCandidatos.xls","ENTIDAD"
"baseDatosCandidatos.xls","ESCOLARIDAD"
"baseDatosCandidatos.xls","ESTATUS"
"baseDatosCandidatos.xls","ESTATUS_ESCOLARIDAD"
"baseDatosCandidatos.xls","HISTORIA_PROFESIONAL"
"baseDatosCandidatos.xls","MOTIVO_CARGO_PUBLICO"
"baseDatosCandidatos.xls","MUNICIPIO"
"baseDatosCandidatos.xls","NOMBRE_CANDIDATO"
"baseDatosCandidatos.xls","NUM_LISTA_O_FORMULA"
"baseDatosCandidatos.xls","PAGINA_WEB"
"baseDatosCandidatos.xls","PARTIDO_COALICION"
"baseDatosCandidatos.xls","PROPUESTA_1"
"baseDatosCandidatos.xls","PROPUESTA_2"
"baseDatosCandidatos.xls","PROPUESTA_GENERO"
"baseDatosCandidatos.xls","REDES"
"baseDatosCandidatos.xls","SEXO"
"baseDatosCandidatos.xls","TELEFONO"
"baseDatosCandidatos.xls","TIPO_CANDIDATO"
"baseDatosCandidatos.xls","TRAYECTORIA_POLITICA"
"candidates.csv","candidate_id"
"candidates.csv","candidate_name"
"candidates.csv","deputy_name"
"candidates.csv","detail_url"
"candidates.csv","has_details"
"candidates.csv","party_name"
"candidatos_merged_2018.csv","calle"
"candidatos_merged_2018.csv","colonia"
"candidatos_merged_2018.csv","correoElecPublico"
"candidatos_merged_2018.csv","cp"
"candidatos_merged_2018.csv","descripcionCandidato"
"candidatos_merged_2018.csv","descripcionHLC"
"candidatos_merged_2018.csv","descripcionTP"
"candidatos_merged_2018.csv","edad"
"candidatos_merged_2018.csv","entidadFederativa"
"candidatos_merged_2018.csv","estatusVal"
"candidatos_merged_2018.csv","fechaNacimiento"
"candidatos_merged_2018.csv","genero"
"candidatos_merged_2018.csv","idAsociacion"
"candidatos_merged_2018.csv","idCandidato"
"candidatos_merged_2018.csv","idCandidatura"
"candidatos_merged_2018.csv","idCircunscripcionEleccion"
"candidatos_merged_2018.csv","idDistritoEleccion"
"candidatos_merged_2018.csv","idEstadoEleccion"
"candidatos_merged_2018.csv","idGrado"
"candidatos_merged_2018.csv","idNumFormula"
"candidatos_merged_2018.csv","idTipoCandidatura"
"candidatos_merged_2018.csv","lada"
"candidatos_merged_2018.csv","nombreCandidato"
"candidatos_merged_2018.csv","nombreCorto"
"candidatos_merged_2018.csv","nombreDistrito"
"candidatos_merged_2018.csv","nombreMunicipio"
"candidatos_merged_2018.csv","nombreSuplente"
"candidatos_merged_2018.csv","numExt"
"candidatos_merged_2018.csv","numInt"
"candidatos_merged_2018.csv","numListaDiputado"
"candidatos_merged_2018.csv","numListaSenador"
"candidatos_merged_2018.csv","paginaWeb"
"candidatos_merged_2018.csv","propuesta1"
"candidatos_merged_2018.csv","propuesta2"
"candidatos_merged_2018.csv","propuesta3"
"candidatos_merged_2018.csv","sexo"
"candidatos_merged_2018.csv","source"
"candidatos_merged_2018.csv","source_type"
"candidatos_merged_2018.csv","telefonoPublico"
"candidatos_merged_2018.csv","tipoAsociacion"
"candidatos_merged_2018.csv","tipo_candidatura"
"candidatos_merged_2018.csv","urlFoto"
"field_completion_stats.csv","completion_pct"
"field_completion_stats.csv","field"
"field_completion_stats.csv","non_na_count"
"homologated_curriculum_complete.csv","accion_afirmativa"
"homologated_curriculum_complete.csv","afromexicano"
"homologated_curriculum_complete.csv","apellido_materno"
"homologated_curriculum_complete.csv","apellido_paterno"
"homologated_curriculum_complete.csv","cargo"
"homologated_curriculum_complete.csv","casa_campana"
"homologated_curriculum_complete.csv","circunscripcion"
"homologated_curriculum_complete.csv","comisiones"
"homologated_curriculum_complete.csv","comisiones_count"
"homologated_curriculum_complete.csv","correo"
"homologated_curriculum_complete.csv","cursos"
"homologated_curriculum_complete.csv","descripcion_candidato"
"homologated_curriculum_complete.csv","direccion_completa"
"homologated_curriculum_complete.csv","discapacidad"
"homologated_curriculum_complete.csv","discapacidad_impide"
"homologated_curriculum_complete.csv","discapacidad_tipo"
"homologated_curriculum_complete.csv","distrito"
"homologated_curriculum_complete.csv","edad"
"homologated_curriculum_complete.csv","educacion"
"homologated_curriculum_complete.csv","eleccion"
"homologated_curriculum_complete.csv","entidad"
"homologated_curriculum_complete.csv","estatus_educacion"
"homologated_curriculum_complete.csv","experiencia_docencia"
"homologated_curriculum_complete.csv","facebook"
"homologated_curriculum_complete.csv","fecha_nacimiento"
"homologated_curriculum_complete.csv","fecha_protesta"
"homologated_curriculum_complete.csv","has_details"
"homologated_curriculum_complete.csv","historia_profesional"
"homologated_curriculum_complete.csv","id_candidato"
"homologated_curriculum_complete.csv","indigena_habla"
"homologated_curriculum_complete.csv","indigena_identifica"
"homologated_curriculum_complete.csv","indigena_pueblo"
"homologated_curriculum_complete.csv","ingresos"
"homologated_curriculum_complete.csv","ingresos_fuente"
"homologated_curriculum_complete.csv","instagram"
"homologated_curriculum_complete.csv","legislatura_fin"
"homologated_curriculum_complete.csv","legislatura_id"
"homologated_curriculum_complete.csv","legislatura_inicio"
"homologated_curriculum_complete.csv","legislatura_numero"
"homologated_curriculum_complete.csv","lgbtq"
"homologated_curriculum_complete.csv","lgbtq_identifica"
"homologated_curriculum_complete.csv","lugar_nacimiento"
"homologated_curriculum_complete.csv","migrante"
"homologated_curriculum_complete.csv","migrante_motivo"
"homologated_curriculum_complete.csv","migrante_pais"
"homologated_curriculum_complete.csv","migrante_situacion"
"homologated_curriculum_complete.csv","migrante_tiempo"
"homologated_curriculum_complete.csv","motivo_cargo_publico"
"homologated_curriculum_complete.csv","municipio"
"homologated_curriculum_complete.csv","nombre"
"homologated_curriculum_complete.csv","nombre_completo"
"homologated_curriculum_complete.csv","pagina_web"
"homologated_curriculum_complete.csv","partido"
"homologated_curriculum_complete.csv","poblacion_joven"
"homologated_curriculum_complete.csv","poblacion_mayor"
"homologated_curriculum_complete.csv","principio_eleccion"
"homologated_curriculum_complete.csv","propietario"
"homologated_curriculum_complete.csv","propuesta_1"
"homologated_curriculum_complete.csv","propuesta_2"
"homologated_curriculum_complete.csv","propuesta_3"
"homologated_curriculum_complete.csv","propuesta_genero"
"homologated_curriculum_complete.csv","redes_sociales"
"homologated_curriculum_complete.csv","regiduría_ayuntamiento"
"homologated_curriculum_complete.csv","sexo_genero"
"homologated_curriculum_complete.csv","sobrenombre"
"homologated_curriculum_complete.csv","source_file"
"homologated_curriculum_complete.csv","suplente_de"
"homologated_curriculum_complete.csv","suplente_id"
"homologated_curriculum_complete.csv","suplente_nombre"
"homologated_curriculum_complete.csv","telefono_1"
"homologated_curriculum_complete.csv","telefono_2"
"homologated_curriculum_complete.csv","telefono_3"
"homologated_curriculum_complete.csv","tiktok"
"homologated_curriculum_complete.csv","trayectoria_politica"
"homologated_curriculum_complete.csv","twitter"
"homologated_curriculum_complete.csv","url_foto"
"homologated_curriculum_complete.csv","youtube"
"legislators_data_latest.csv","age"
"legislators_data_latest.csv","birth_date_iso"
"legislators_data_latest.csv","chamber"
"legislators_data_latest.csv","chamber_id"
"legislators_data_latest.csv","chamber_type"
"legislators_data_latest.csv","ciudad"
"legislators_data_latest.csv","clean_name_for_photo"
"legislators_data_latest.csv","commission_member_count"
"legislators_data_latest.csv","commission_presidency_count"
"legislators_data_latest.csv","commission_secretary_count"
"legislators_data_latest.csv","commissions"
"legislators_data_latest.csv","commissions_count"
"legislators_data_latest.csv","commissions_str"
"legislators_data_latest.csv","correo_electronico"
"legislators_data_latest.csv","curriculum"
"legislators_data_latest.csv","curriculum_académica"
"legislators_data_latest.csv","curriculum_administrativa"
"legislators_data_latest.csv","curriculum_empresarial/iniciativa_privada"
"legislators_data_latest.csv","curriculum_escolaridad_y_preparación_académica"
"legislators_data_latest.csv","curriculum_file"
"legislators_data_latest.csv","curriculum_investigación_y_docencia"
"legislators_data_latest.csv","curriculum_legislativa"
"legislators_data_latest.csv","curriculum_otros_rubros"
"legislators_data_latest.csv","curriculum_política"
"legislators_data_latest.csv","distrito_nombre"
"legislators_data_latest.csv","distrito_numero"
"legislators_data_latest.csv","eleccinconsecutiva"
"legislators_data_latest.csv","electoral_entity"
"legislators_data_latest.csv","entidad"
"legislators_data_latest.csv","experiencia_legislativa"
"legislators_data_latest.csv","facebook"
"legislators_data_latest.csv","facebook_url"
"legislators_data_latest.csv","facebook_username"
"legislators_data_latest.csv","fecha_nacimiento"
"legislators_data_latest.csv","fecha_toma_protesta"
"legislators_data_latest.csv","full_name"
"legislators_data_latest.csv","gender"
"legislators_data_latest.csv","html_saved_path"
"legislators_data_latest.csv","id"
"legislators_data_latest.csv","instagram"
"legislators_data_latest.csv","instagram_url"
"legislators_data_latest.csv","instagram_username"
"legislators_data_latest.csv","json_saved_path"
"legislators_data_latest.csv","legislature_end_date"
"legislators_data_latest.csv","legislature_id"
"legislators_data_latest.csv","legislature_number"
"legislators_data_latest.csv","legislature_roman"
"legislators_data_latest.csv","legislature_start_date"
"legislators_data_latest.csv","local_photo_path"
"legislators_data_latest.csv","name"
"legislators_data_latest.csv","name_without_title"
"legislators_data_latest.csv","numero_legislatura"
"legislators_data_latest.csv","observations"
"legislators_data_latest.csv","partido"
"legislators_data_latest.csv","party"
"legislators_data_latest.csv","party_logo_url"
"legislators_data_latest.csv","periodo_legislatura"
"legislators_data_latest.csv","photo_url"
"legislators_data_latest.csv","preparacion_academica"
"legislators_data_latest.csv","principio_eleccion"
"legislators_data_latest.csv","profile_url"
"legislators_data_latest.csv","redes_sociales"
"legislators_data_latest.csv","region_de_eleccion"
"legislators_data_latest.csv","scrape_date"
"legislators_data_latest.csv","suplente_de"
"legislators_data_latest.csv","suplente_id"
"legislators_data_latest.csv","suplente_name"
"legislators_data_latest.csv","telefono"
"legislators_data_latest.csv","title"
"legislators_data_latest.csv","twitter"
"legislators_data_latest.csv","twitter_url"
"legislators_data_latest.csv","twitter_username"
"legislators_data_latest.csv","ubicacion_oficina"
"legislators_data_latest.csv","ultimo_grado_estudios"
"source_file_summary.csv","fields_available"
"source_file_summary.csv","record_count"
"source_file_summary.csv","source_file"
